loadTestAccount0,pylo12ha4mprl9h29782axesqylnshtyc0gsays4ujr,278c8a315d9cff0b412188ec1721f2bc656890c8077a2824b1074d82981799cc
loadTestAccount1,pylo1pm3xdcfwwlajzdmsk7d93n9klpecpksrt5dh7z,02971081302d796dcfbcc81893b9628b8a85305efb6346f443335d1ea477cd2e
loadTestAccount2,pylo1gzhm3fx04d2zx8mr93duj4jw7rzzcgf3ld2wg9,d9fbaa6b5d5ce9686591f1021045d5dee2310338104e16bfd35076d2fa451536
loadTestAccount3,pylo1h26832ntap0q4m6mdmdha92jd8du7agx9xajet,60cb26f79c497373adf55a9dd003d7f36be20f5f6dac75155f77617011a1a2b9
loadTestAccount4,pylo1g7w8qlhgr080usr2ax53wzxekxhd3e9dergd33,850694f61e222d2f690dafb1e75c6d350a7cfb7b396ff7a451266942f2a4a0ee
loadTestAccount5,pylo1w4qdpzp3xntlap5g20sns30hqsmnxy0f943g68,1d40bd5514b2020893c2f12cf70b7035d5a7a17deba74ac4a7bd86436304bd26
loadTestAccount6,pylo1zxed3phe3tsjyztzzzf8e4jpdsauw4970dcsyw,51a1dd28b4b1ac888895b80ab2f0c44cdfce3cd6c1a718240508f2a6fb0791f3
loadTestAccount7,pylo1dk8lxs65sms562t8qvcxz6c75c72wg72xj60gt,4aacf79b59b0a8a15c1e09958a6d4c679a269ef61a493848af765b3c563eb185
loadTestAccount8,pylo1vyazqcfc2acuhgex2fus4g77et8c5g3u6r2alp,b66da0c0f1db1e41979e464cdc717604d8e9ca93fd399d1bbb16b92fe822bebf
loadTestAccount9,pylo1fk59hlr6nqzawcerfldmrr0ykqvqhrjgsgk083,c9e0a2f2a3358b65b393b702c582661d31a356a4b0d3447438a0e6ca0a3ba0a2
loadTestAccount10,pylo1adgrkd7p3hclvg0cal5wavavtv69gkgg23rats,fa018bdbb492871c207b752064d7e996b5c2e79cbad4a057ab53d109747257de
loadTestAccount11,pylo1vlsfl94mjk73mzwc6a9l7vq5q035lps593allq,a4aa0749f3d91ee955fc589390d1e2fd0c34e4fbf4b0486481f9be0a28f77b10
loadTestAccount12,pylo1aemkdvk4yf2z62zhmhgaxnnq3und9f38ppspk4,175abc1c120eda9f377e0c6fd75e451538199d410be176a627a859343c26533b
loadTestAccount13,pylo15kxmmjqtvaymgrc859lchx9tucp6k5sy6yeyqy,93e2d28723ac5d509d54fbb21b702c7f6b83d936a75853812530b1b747a5e56f
loadTestAccount14,pylo18lseyc56p8dp73njhf642dc360sn5nyv6vxqsq,88121ab632f2a1145a73aaa4ef5c9fca77574789a12286a4b1348945e73ffbd6
loadTestAccount15,pylo1khjs5ecyvc25mj6dg8lmyn3gkrfy4929hr623y,a56e2dbc867648352fbe3c71ee9cc0fd2e4e8b7cfb61e04e374b5ad46d8213b1
loadTestAccount16,pylo1wg6lrpsp36y9uuc3wurvdjl3fsqvuldckc5gv6,961844810d66f72b26e22a85b724cb18bd946ee3dd5afa513fcdfbe11e383f4d
loadTestAccount17,pylo1gszvxcgrf5cr077rg9eghyt34kk24arrq9tz65,c0f6c50213b38955a53cfe108188b2c41425050b77dd91de75229dd3658c9185
loadTestAccount18,pylo1f86q0yr5trugyqnd8amvfq6tfeqpvaqvklsy6z,dc915c1fdaab92a6e2ef6d4774336c1cf9e6a720631767db480148daec09fba8
loadTestAccount19,pylo16yudhrff9y50w6j6yg34g4aw9rc5kuaqhkx0ny,bf3f820b80c4c805b34e7c752bb38f5d49e4569473fbafc1ae84e8d5606e5e09
loadTestAccount20,pylo1gwrk4ssd3ws3zhu032uwjf8a6tnkfda9am76qn,d5e88cc62d2bbeb6876d7680da4136b8527b3e18923ca15608346db3b35b8328
loadTestAccount21,pylo136mpt4d4z50qld0vkluw4yu9jfy0767cw8wzu7,cd260ec67486b64269d12941125c28a1757716a5973e6bb5c9b583e0c75bf720
loadTestAccount22,pylo19xfmls8n6wgvkzn2u5x0dkhltx37hxgkytfpa7,47732e5129fe7deb1d68d89c9157d081d3e97b2f399d719ae1a149084fbc7e32
loadTestAccount23,pylo12xw6x5rjh6feu3zs3gnhx3zvkldv2levqz2j9r,91f854b2cb9f7daf34fe19d2f8a79bb9118076d1d1b7bba3600b4874bf33139e
loadTestAccount24,pylo1k39t2frp72h7ksx8gxf4fv8ra7kfshtugn6fm9,bbd56f1cbff8cbf77aefeb74ad22b24ee4bcb260571f2a981bac946886ed0b8f
loadTestAccount25,pylo1hyhel6dltn2e92ewadqf2v9c0q0tsd0k9jm5jt,1c10771cb25e78e3190cd387500ae1d6ce64a1c43801b18ed7ba5290970768f4
loadTestAccount26,pylo1x5apw82667vpytueksl6gjfa3tv22t07auasml,992a61f8a7dfc92c8eee52af8fc0ebc74947e5d09756983a313fdd8ada5ac019
loadTestAccount27,pylo1f6e4je639gnltdnt8mu8x6tl7yp9xfclj4sjgj,65e9bd96c1508dea3a8de0aad8c0646b3ddc34a88423ab27c3a1adf8e7955900
loadTestAccount28,pylo1f40hf80pdv2zj8jrdwpvu2tv2jnmg5fzlqhtmd,4d00fa86c0f3f10e48dbc72190f2b16a8e710ebeb072c58434a931458c781ff4
loadTestAccount29,pylo1p2lwv3x7q3pw2q28stxt4vtfpw864mmmk3fs05,c7789bc54dba6e4dd3ef7d80036d1ff0a2d5ffbf94da6d249b320369fff65413
